股票代码,股票名称,记录编号,公告日期,公告日期存疑,分红年度,分配类型,实施年度,方案进度,送股(股/10股),转增(股/10股),派息税前(元/10股),每股派息税前(元),除权除息日,股权登记日,红股上市日,明细页税前红利(元),明细页税后红利(元),股东大会决议公告日,红利到账日,含现金分红,含送股,含转增,数据来源
600519,贵州茅台,600519-2026-06-22#1,2026-06-22,否,2025,年度分配,2026,实施,0.0,0.0,280.242,28.0242,2026-06-26,2026-06-25,,280.24,280.24,2026-06-12,2026-06-26,是,否,否,http://vip.stock.finance.sina.com.cn/corp/view/vISSUE_ShareBonusDetail.php?stockid=600519&type=1&end_date=2026-06-22
600519,贵州茅台,600519-2025-12-11#1,2025-12-11,否,2025,中期分配,2025,实施,0.0,0.0,239.57,23.957,2025-12-19,2025-12-18,,239.57,239.57,2025-11-29,2025-12-19,是,否,否,http://vip.stock.finance.sina.com.cn/corp/view/vISSUE_ShareBonusDetail.php?stockid=600519&type=1&end_date=2025-12-11
600519,贵州茅台,600519-2025-06-20#1,2025-06-20,否,2024,年度分配,2025,实施,0.0,0.0,276.73,27.673,2025-06-26,2025-06-25,,276.73,276.73,2025-05-20,2025-06-26,是,否,否,http://vip.stock.finance.sina.com.cn/corp/view/vISSUE_ShareBonusDetail.php?stockid=600519&type=1&end_date=2025-06-20
600519,贵州茅台,600519-2024-12-14#1,2024-12-14,否,2024,中期分配,2024,实施,0.0,0.0,238.82,23.882,2024-12-20,2024-12-19,,238.82,238.82,2024-11-28,2024-12-20,是,否,否,http://vip.stock.finance.sina.com.cn/corp/view/vISSUE_ShareBonusDetail.php?stockid=600519&type=1&end_date=2024-12-14
600519,贵州茅台,600519-2024-06-12#1,2024-06-12,否,2023,年度分配,2024,实施,0.0,0.0,308.76,30.876,2024-06-19,2024-06-18,,308.76,308.76,2024-05-30,2024-06-19,是,否,否,http://vip.stock.finance.sina.com.cn/corp/view/vISSUE_ShareBonusDetail.php?stockid=600519&type=1&end_date=2024-06-12
600519,贵州茅台,600519-2023-12-14#1,2023-12-14,否,2023,中期分配,2023,实施,0.0,0.0,191.06,19.106,2023-12-20,2023-12-19,,191.06,191.06,2023-12-07,2023-12-20,是,否,否,http://vip.stock.finance.sina.com.cn/corp/view/vISSUE_ShareBonusDetail.php?stockid=600519&type=1&end_date=2023-12-14
600519,贵州茅台,600519-2023-06-26#1,2023-06-26,否,2022,年度分配,2023,实施,0.0,0.0,259.11,25.911,2023-06-30,2023-06-29,,259.11,259.11,2023-06-14,2023-06-30,是,否,否,http://vip.stock.finance.sina.com.cn/corp/view/vISSUE_ShareBonusDetail.php?stockid=600519&type=1&end_date=2023-06-26
600519,贵州茅台,600519-2022-12-21#1,2022-12-21,否,2022,中期分配,2022,实施,0.0,0.0,219.1,21.91,2022-12-27,2022-12-26,,219.1,219.1,2022-12-15,2022-12-27,是,否,否,http://vip.stock.finance.sina.com.cn/corp/view/vISSUE_ShareBonusDetail.php?stockid=600519&type=1&end_date=2022-12-21
600519,贵州茅台,600519-2022-06-24#1,2022-06-24,否,2021,年度分配,2022,实施,0.0,0.0,216.75,21.675,2022-06-30,2022-06-29,,216.75,216.75,2022-06-17,2022-06-30,是,否,否,http://vip.stock.finance.sina.com.cn/corp/view/vISSUE_ShareBonusDetail.php?stockid=600519&type=1&end_date=2022-06-24
600519,贵州茅台,600519-2021-06-21#1,2021-06-21,否,2020,年度分配,2021,实施,0.0,0.0,192.93,19.293,2021-06-25,2021-06-24,,192.93,192.93,2021-06-10,2021-06-25,是,否,否,http://vip.stock.finance.sina.com.cn/corp/view/vISSUE_ShareBonusDetail.php?stockid=600519&type=1&end_date=2021-06-21
600519,贵州茅台,600519-2020-06-18#1,2020-06-18,否,2019,年度分配,2020,实施,0.0,0.0,170.25,17.025,2020-06-24,2020-06-23,,170.25,170.25,2020-06-11,2020-06-24,是,否,否,http://vip.stock.finance.sina.com.cn/corp/view/vISSUE_ShareBonusDetail.php?stockid=600519&type=1&end_date=2020-06-18
600519,贵州茅台,600519-2019-06-22#1,2019-06-22,否,2018,年度分配,2019,实施,0.0,0.0,145.39,14.539,2019-06-28,2019-06-27,,145.39,145.39,2019-05-30,2019-06-28,是,否,否,http://vip.stock.finance.sina.com.cn/corp/view/vISSUE_ShareBonusDetail.php?stockid=600519&type=1&end_date=2019-06-22
600519,贵州茅台,600519-2018-06-08#1,2018-06-08,否,2017,年度分配,2018,实施,0.0,0.0,109.99,10.999,2018-06-15,2018-06-14,,109.99,109.99,2018-05-24,2018-06-15,是,否,否,http://vip.stock.finance.sina.com.cn/corp/view/vISSUE_ShareBonusDetail.php?stockid=600519&type=1&end_date=2018-06-08
600519,贵州茅台,600519-2017-07-01#1,2017-07-01,否,2016,年度分配,2017,实施,0.0,0.0,67.87,6.787,2017-07-07,2017-07-06,,67.87,67.87,2017-05-23,2017-07-07,是,否,否,http://vip.stock.finance.sina.com.cn/corp/view/vISSUE_ShareBonusDetail.php?stockid=600519&type=1&end_date=2017-07-01
600519,贵州茅台,600519-2016-06-27#1,2016-06-27,否,2015,年度分配,2016,实施,0.0,0.0,61.71,6.171,2016-07-01,2016-06-30,,61.71,61.71,2016-05-19,2016-07-01,是,否,否,http://vip.stock.finance.sina.com.cn/corp/view/vISSUE_ShareBonusDetail.php?stockid=600519&type=1&end_date=2016-06-27
600519,贵州茅台,600519-2015-07-10#1,2015-07-10,否,2014,年度分配,2015,实施,1.0,0.0,43.74,4.374,2015-07-17,2015-07-16,,43.74,,2015-05-21,2015-07-17,是,是,否,http://vip.stock.finance.sina.com.cn/corp/view/vISSUE_ShareBonusDetail.php?stockid=600519&type=1&end_date=2015-07-10
600519,贵州茅台,600519-2014-06-18#1,2014-06-18,否,2013,年度分配,2014,实施,1.0,0.0,43.74,4.374,2014-06-25,2014-06-24,,43.74,,2014-05-20,2014-06-25,是,是,否,http://vip.stock.finance.sina.com.cn/corp/view/vISSUE_ShareBonusDetail.php?stockid=600519&type=1&end_date=2014-06-18
600519,贵州茅台,600519-2013-06-03#1,2013-06-03,否,2012,年度分配,2013,实施,0.0,0.0,64.19,6.419,2013-06-07,2013-06-06,,64.19,60.98,2013-05-17,2013-06-17,是,否,否,http://vip.stock.finance.sina.com.cn/corp/view/vISSUE_ShareBonusDetail.php?stockid=600519&type=1&end_date=2013-06-03
600519,贵州茅台,600519-2012-06-27#1,2012-06-27,否,2011,年度分配,2012,实施,0.0,0.0,39.97,3.997,2012-07-05,2012-07-04,,39.97,35.97,2012-05-30,2012-07-13,是,否,否,http://vip.stock.finance.sina.com.cn/corp/view/vISSUE_ShareBonusDetail.php?stockid=600519&type=1&end_date=2012-06-27
600519,贵州茅台,600519-2011-06-27#1,2011-06-27,否,2010,年度分配,2011,实施,1.0,0.0,23.0,2.3,2011-07-01,2011-06-30,,23.0,,2011-05-26,2011-07-01,是,是,否,http://vip.stock.finance.sina.com.cn/corp/view/vISSUE_ShareBonusDetail.php?stockid=600519&type=1&end_date=2011-06-27
600519,贵州茅台,600519-2010-06-29#1,2010-06-29,否,2009,年度分配,2010,实施,0.0,0.0,11.85,1.185,2010-07-05,2010-07-02,,11.85,10.67,2010-05-29,2010-07-09,是,否,否,http://vip.stock.finance.sina.com.cn/corp/view/vISSUE_ShareBonusDetail.php?stockid=600519&type=1&end_date=2010-06-29
600519,贵州茅台,600519-2009-06-25#1,2009-06-25,否,2008,年度分配,2009,实施,0.0,0.0,11.56,1.156,2009-07-01,2009-06-30,,11.56,10.4,2009-05-23,2009-07-07,是,否,否,http://vip.stock.finance.sina.com.cn/corp/view/vISSUE_ShareBonusDetail.php?stockid=600519&type=1&end_date=2009-06-25
600519,贵州茅台,600519-2008-06-10#1,2008-06-10,否,2007,年度分配,2008,实施,0.0,0.0,8.36,0.836,2008-06-16,2008-06-13,,8.36,7.52,2008-05-29,2008-06-20,是,否,否,http://vip.stock.finance.sina.com.cn/corp/view/vISSUE_ShareBonusDetail.php?stockid=600519&type=1&end_date=2008-06-10
600519,贵州茅台,600519-2007-07-09#1,2007-07-09,否,2006,年度分配,2007,实施,0.0,0.0,7.0,0.7,2007-07-13,2007-07-12,,7.0,6.3,2007-06-01,2007-07-19,是,否,否,http://vip.stock.finance.sina.com.cn/corp/view/vISSUE_ShareBonusDetail.php?stockid=600519&type=1&end_date=2007-07-09
600519,贵州茅台,600519-2006-05-22#1,2006-05-22,否,2005,年度分配,2006,实施,0.0,0.0,5.91,0.591,2006-05-24,2006-05-23,2006-05-25,5.91,5.32,2006-05-15,2006-05-29,是,否,否,http://vip.stock.finance.sina.com.cn/corp/view/vISSUE_ShareBonusDetail.php?stockid=600519&type=1&end_date=2006-05-22
600519,贵州茅台,600519-2006-05-17#1,2006-05-17,否,2005,年度分配,2006,实施,0.0,10.0,0.0,0.0,2006-05-19,2006-05-18,2006-05-25,,,2006-05-15,2006-05-19,否,否,是,http://vip.stock.finance.sina.com.cn/corp/view/vISSUE_ShareBonusDetail.php?stockid=600519&type=1&end_date=2006-05-17
600519,贵州茅台,600519-2006-05-15#1,2006-05-15,否,2005,年度分配,2006,实施,0.0,0.0,3.0,0.3,2006-05-19,2006-05-18,,3.0,2.7,2006-05-12,2006-05-23,是,否,否,http://vip.stock.finance.sina.com.cn/corp/view/vISSUE_ShareBonusDetail.php?stockid=600519&type=1&end_date=2006-05-15
600519,贵州茅台,600519-2005-07-30#1,2005-07-30,否,2004,年度分配,2005,实施,0.0,2.0,5.0,0.5,2005-08-05,2005-08-04,,5.0,,2005-06-30,2005-08-08,是,否,是,http://vip.stock.finance.sina.com.cn/corp/view/vISSUE_ShareBonusDetail.php?stockid=600519&type=1&end_date=2005-07-30
600519,贵州茅台,600519-2004-06-25#1,2004-06-25,否,2003,年度分配,2004,实施,0.0,3.0,3.0,0.3,2004-07-01,2004-06-30,,3.0,,2004-06-01,2004-07-01,是,否,是,http://vip.stock.finance.sina.com.cn/corp/view/vISSUE_ShareBonusDetail.php?stockid=600519&type=1&end_date=2004-06-25
600519,贵州茅台,600519-2003-07-08#1,2003-07-08,否,2002,年度分配,2003,实施,1.0,0.0,2.0,0.2,2003-07-14,2003-07-11,,2.0,,2003-06-13,2003-07-14,是,是,否,http://vip.stock.finance.sina.com.cn/corp/view/vISSUE_ShareBonusDetail.php?stockid=600519&type=1&end_date=2003-07-08
600519,贵州茅台,600519-2002-07-18#1,2002-07-18,否,2001,年度分配,2002,实施,0.0,1.0,6.0,0.6,2002-07-25,2002-07-24,,6.0,,2002-06-26,2002-07-25,是,否,是,http://vip.stock.finance.sina.com.cn/corp/view/vISSUE_ShareBonusDetail.php?stockid=600519&type=1&end_date=2002-07-18
000858,五粮液,000858-2026-07-10#1,2026-07-10,否,2025,年度分配,2026,实施,0.0,0.0,25.7969,2.57969,2026-07-16,2026-07-15,,25.8,25.8,2026-05-19,2026-07-16,是,否,否,http://vip.stock.finance.sina.com.cn/corp/view/vISSUE_ShareBonusDetail.php?stockid=000858&type=1&end_date=2026-07-10
000858,五粮液,000858-2025-12-11#1,2025-12-11,否,2025,中期分配,2025,实施,0.0,0.0,25.78,2.578,2025-12-18,2025-12-17,,25.78,25.78,2025-06-21,2025-12-18,是,否,否,http://vip.stock.finance.sina.com.cn/corp/view/vISSUE_ShareBonusDetail.php?stockid=000858&type=1&end_date=2025-12-11
000858,五粮液,000858-2025-07-12#1,2025-07-12,否,2024,年度分配,2025,实施,0.0,0.0,31.69,3.169,2025-07-18,2025-07-17,,31.69,31.69,2025-06-21,2025-07-18,是,否,否,http://vip.stock.finance.sina.com.cn/corp/view/vISSUE_ShareBonusDetail.php?stockid=000858&type=1&end_date=2025-07-12
000858,五粮液,000858-2025-01-16#1,2025-01-16,否,2024,年度分配,2025,实施,0.0,0.0,25.76,2.576,2025-01-23,2025-01-22,,25.76,25.76,2024-12-31,2025-01-23,是,否,否,http://vip.stock.finance.sina.com.cn/corp/view/vISSUE_ShareBonusDetail.php?stockid=000858&type=1&end_date=2025-01-16
000858,五粮液,000858-2024-11-29#1,2024-11-29,否,2024,中期分配,2024,预案,0.0,0.0,25.76,2.576,,,,25.76,,2024-12-31,,是,否,否,http://vip.stock.finance.sina.com.cn/corp/view/vISSUE_ShareBonusDetail.php?stockid=000858&type=1&end_date=2024-11-29
000858,五粮液,000858-2024-07-06#1,2024-07-06,否,2023,年度分配,2024,实施,0.0,0.0,46.7,4.67,2024-07-12,2024-07-11,,46.7,46.7,2024-06-29,2024-07-12,是,否,否,http://vip.stock.finance.sina.com.cn/corp/view/vISSUE_ShareBonusDetail.php?stockid=000858&type=1&end_date=2024-07-06
000858,五粮液,000858-2023-06-17#1,2023-06-17,否,2022,年度分配,2023,实施,0.0,0.0,37.82,3.782,2023-06-27,2023-06-26,,37.82,37.82,2023-05-27,2023-06-27,是,否,否,http://vip.stock.finance.sina.com.cn/corp/view/vISSUE_ShareBonusDetail.php?stockid=000858&type=1&end_date=2023-06-17
000858,五粮液,000858-2022-06-22#1,2022-06-22,否,2021,年度分配,2022,实施,0.0,0.0,30.23,3.023,2022-06-29,2022-06-28,,30.23,30.23,2022-05-28,2022-06-29,是,否,否,http://vip.stock.finance.sina.com.cn/corp/view/vISSUE_ShareBonusDetail.php?stockid=000858&type=1&end_date=2022-06-22
000858,五粮液,000858-2021-07-03#1,2021-07-03,否,2020,年度分配,2021,实施,0.0,0.0,25.8,2.58,2021-07-09,2021-07-08,,25.8,25.8,2021-06-19,2021-07-09,是,否,否,http://vip.stock.finance.sina.com.cn/corp/view/vISSUE_ShareBonusDetail.php?stockid=000858&type=1&end_date=2021-07-03
000858,五粮液,000858-2020-06-13#1,2020-06-13,否,2019,年度分配,2020,实施,0.0,0.0,22.0,2.2,2020-06-22,2020-06-19,,22.0,22.0,2020-05-30,2020-06-22,是,否,否,http://vip.stock.finance.sina.com.cn/corp/view/vISSUE_ShareBonusDetail.php?stockid=000858&type=1&end_date=2020-06-13
000858,五粮液,000858-2019-05-31#1,2019-05-31,否,2018,年度分配,2019,实施,0.0,0.0,17.0,1.7,2019-06-06,2019-06-05,,17.0,17.0,2019-05-11,2019-06-06,是,否,否,http://vip.stock.finance.sina.com.cn/corp/view/vISSUE_ShareBonusDetail.php?stockid=000858&type=1&end_date=2019-05-31
000858,五粮液,000858-2018-06-28#1,2018-06-28,否,2017,年度分配,2018,实施,0.0,0.0,13.0,1.3,2018-07-06,2018-07-05,,13.0,13.0,2018-06-09,2018-07-06,是,否,否,http://vip.stock.finance.sina.com.cn/corp/view/vISSUE_ShareBonusDetail.php?stockid=000858&type=1&end_date=2018-06-28
000858,五粮液,000858-2017-05-05#1,2017-05-05,否,2016,年度分配,2017,实施,0.0,0.0,9.0,0.9,2017-05-12,2017-05-11,,9.0,9.0,2017-04-22,2017-05-12,是,否,否,http://vip.stock.finance.sina.com.cn/corp/view/vISSUE_ShareBonusDetail.php?stockid=000858&type=1&end_date=2017-05-05
000858,五粮液,000858-2016-07-19#1,2016-07-19,否,2015,年度分配,2016,实施,0.0,0.0,8.0,0.8,2016-07-25,2016-07-22,,8.0,8.0,2016-06-23,2016-07-25,是,否,否,http://vip.stock.finance.sina.com.cn/corp/view/vISSUE_ShareBonusDetail.php?stockid=000858&type=1&end_date=2016-07-19
000858,五粮液,000858-2015-06-12#1,2015-06-12,否,2014,年度分配,2015,实施,0.0,0.0,6.0,0.6,2015-06-19,2015-06-18,,6.0,5.7,2015-05-23,2015-06-19,是,否,否,http://vip.stock.finance.sina.com.cn/corp/view/vISSUE_ShareBonusDetail.php?stockid=000858&type=1&end_date=2015-06-12
000858,五粮液,000858-2014-06-25#1,2014-06-25,否,2013,年度分配,2014,实施,0.0,0.0,7.0,0.7,2014-07-01,2014-06-30,,7.0,6.65,2014-05-10,2014-07-01,是,否,否,http://vip.stock.finance.sina.com.cn/corp/view/vISSUE_ShareBonusDetail.php?stockid=000858&type=1&end_date=2014-06-25
000858,五粮液,000858-2013-06-01#1,2013-06-01,否,2012,年度分配,2013,实施,0.0,0.0,8.0,0.8,2013-06-07,2013-06-06,,8.0,7.6,2013-05-11,2013-06-07,是,否,否,http://vip.stock.finance.sina.com.cn/corp/view/vISSUE_ShareBonusDetail.php?stockid=000858&type=1&end_date=2013-06-01
000858,五粮液,000858-2012-05-09#1,2012-05-09,否,2011,年度分配,2012,实施,0.0,0.0,5.0,0.5,2012-05-16,2012-05-15,,5.0,4.5,2012-04-21,2012-05-16,是,否,否,http://vip.stock.finance.sina.com.cn/corp/view/vISSUE_ShareBonusDetail.php?stockid=000858&type=1&end_date=2012-05-09
000858,五粮液,000858-2011-05-05#1,2011-05-05,否,2010,年度分配,2011,实施,0.0,0.0,3.0,0.3,2011-05-13,2011-05-12,,3.0,2.7,2011-04-23,2011-05-13,是,否,否,http://vip.stock.finance.sina.com.cn/corp/view/vISSUE_ShareBonusDetail.php?stockid=000858&type=1&end_date=2011-05-05
000858,五粮液,000858-2010-05-06#1,2010-05-06,否,2009,年度分配,2010,实施,0.0,0.0,1.5,0.15,2010-05-14,2010-05-13,,1.5,1.35,2010-04-17,2010-05-14,是,否,否,http://vip.stock.finance.sina.com.cn/corp/view/vISSUE_ShareBonusDetail.php?stockid=000858&type=1&end_date=2010-05-06
000858,五粮液,000858-2009-05-04#1,2009-05-04,否,2008,年度分配,2009,实施,0.0,0.0,0.5,0.05,2009-05-11,2009-05-08,,0.5,0.45,2009-04-04,2009-05-11,是,否,否,http://vip.stock.finance.sina.com.cn/corp/view/vISSUE_ShareBonusDetail.php?stockid=000858&type=1&end_date=2009-05-04
000858,五粮液,000858-2008-02-28#1,2008-02-28,否,2007,年度分配,2008,不分配,0.0,0.0,0.0,0.0,,,,,,,,否,否,否,http://vip.stock.finance.sina.com.cn/corp/view/vISSUE_ShareBonusDetail.php?stockid=000858&type=1&end_date=2008-02-28
000858,五粮液,000858-2007-04-25#1,2007-04-25,否,2006,年度分配,2007,实施,4.0,0.0,0.6,0.06,2007-05-08,2007-04-30,,0.6,,2007-04-21,2007-05-08,是,是,否,http://vip.stock.finance.sina.com.cn/corp/view/vISSUE_ShareBonusDetail.php?stockid=000858&type=1&end_date=2007-04-25
000858,五粮液,000858-2006-06-06#1,2006-06-06,否,2005,年度分配,2006,实施,0.0,0.0,1.0,0.1,2006-06-12,2006-06-09,,1.0,0.9,2006-05-13,2006-06-12,是,否,否,http://vip.stock.finance.sina.com.cn/corp/view/vISSUE_ShareBonusDetail.php?stockid=000858&type=1&end_date=2006-06-06
000858,五粮液,000858-2005-04-16#1,2005-04-16,否,2004,年度分配,2005,不分配,0.0,0.0,0.0,0.0,,,,,,,,否,否,否,http://vip.stock.finance.sina.com.cn/corp/view/vISSUE_ShareBonusDetail.php?stockid=000858&type=1&end_date=2005-04-16
000858,五粮液,000858-2004-04-07#1,2004-04-07,否,2003,年度分配,2004,实施,8.0,2.0,2.0,0.2,2004-04-13,2004-04-12,,2.0,,2004-04-03,2004-04-13,是,是,是,http://vip.stock.finance.sina.com.cn/corp/view/vISSUE_ShareBonusDetail.php?stockid=000858&type=1&end_date=2004-04-07
000858,五粮液,000858-2003-04-08#1,2003-04-08,否,2002,年度分配,2003,实施,0.0,2.0,0.0,0.0,2003-04-16,2003-04-15,2003-04-16,,,2003-04-05,2003-04-16,否,否,是,http://vip.stock.finance.sina.com.cn/corp/view/vISSUE_ShareBonusDetail.php?stockid=000858&type=1&end_date=2003-04-08
000858,五粮液,000858-2002-04-10#1,2002-04-10,否,2001,年度分配,2002,实施,1.0,2.0,0.25,0.025,2002-04-18,2002-04-17,,0.25,,2002-04-06,2002-04-18,是,是,是,http://vip.stock.finance.sina.com.cn/corp/view/vISSUE_ShareBonusDetail.php?stockid=000858&type=1&end_date=2002-04-10
000858,五粮液,000858-2001-08-28#1,2001-08-28,否,2000,年度分配,2001,实施,4.0,3.0,1.0,0.1,2001-09-04,2001-09-03,,1.0,,2001-08-25,2001-09-05,是,是,是,http://vip.stock.finance.sina.com.cn/corp/view/vISSUE_ShareBonusDetail.php?stockid=000858&type=1&end_date=2001-08-28
000858,五粮液,000858-1999-09-22#1,1999-09-22,否,1999,中期分配,1999,实施,0.0,5.0,0.0,0.0,1999-09-28,1999-09-27,1999-09-30,,,1999-09-22,1999-09-30,否,否,是,http://vip.stock.finance.sina.com.cn/corp/view/vISSUE_ShareBonusDetail.php?stockid=000858&type=1&end_date=1999-09-22
000858,五粮液,000858-1999-05-28#1,1999-05-28,否,1998,年度分配,1999,实施,0.0,0.0,12.5,1.25,1999-06-08,1999-06-07,,12.5,10.0,1999-05-26,1999-06-14,是,否,否,http://vip.stock.finance.sina.com.cn/corp/view/vISSUE_ShareBonusDetail.php?stockid=000858&type=1&end_date=1999-05-28
000333,美的集团,000333-2026-08-29#1,2026-08-29,否,2025,年度分配,2026,预案,0.0,0.0,5.0,0.5,,,,5.0,,,,是,否,否,http://vip.stock.finance.sina.com.cn/corp/view/vISSUE_ShareBonusDetail.php?stockid=000333&type=1&end_date=2026-08-29
000333,美的集团,000333-2026-06-23#1,2026-06-23,否,2025,年度分配,2026,实施,0.0,0.0,38.0,3.8,2026-06-29,2026-06-26,,38.0,38.0,2026-06-06,2026-06-29,是,否,否,http://vip.stock.finance.sina.com.cn/corp/view/vISSUE_ShareBonusDetail.php?stockid=000333&type=1&end_date=2026-06-23
000333,美的集团,000333-2025-11-12#1,2025-11-12,否,2025,中期分配,2025,实施,0.0,0.0,5.0,0.5,2025-11-18,2025-11-17,,5.0,5.0,2025-09-25,2025-11-18,是,否,否,http://vip.stock.finance.sina.com.cn/corp/view/vISSUE_ShareBonusDetail.php?stockid=000333&type=1&end_date=2025-11-12
000333,美的集团,000333-2025-06-06#1,2025-06-06,否,2024,年度分配,2025,实施,0.0,0.0,35.0,3.5,2025-06-12,2025-06-11,,35.0,35.0,2025-06-03,2025-06-12,是,否,否,http://vip.stock.finance.sina.com.cn/corp/view/vISSUE_ShareBonusDetail.php?stockid=000333&type=1&end_date=2025-06-06
000333,美的集团,000333-2024-05-09#1,2024-05-09,否,2023,年度分配,2024,实施,0.0,0.0,30.0,3.0,2024-05-15,2024-05-14,,30.0,30.0,2024-04-20,2024-05-15,是,否,否,http://vip.stock.finance.sina.com.cn/corp/view/vISSUE_ShareBonusDetail.php?stockid=000333&type=1&end_date=2024-05-09
000333,美的集团,000333-2023-05-25#1,2023-05-25,否,2022,年度分配,2023,实施,0.0,0.0,25.0,2.5,2023-06-01,2023-05-31,,25.0,25.0,2023-05-20,2023-06-01,是,否,否,http://vip.stock.finance.sina.com.cn/corp/view/vISSUE_ShareBonusDetail.php?stockid=000333&type=1&end_date=2023-05-25
000333,美的集团,000333-2022-05-27#1,2022-05-27,否,2021,年度分配,2022,实施,0.0,0.0,17.0089,1.70089,2022-06-02,2022-06-01,,17.01,17.01,2022-05-21,2022-06-02,是,否,否,http://vip.stock.finance.sina.com.cn/corp/view/vISSUE_ShareBonusDetail.php?stockid=000333&type=1&end_date=2022-05-27
000333,美的集团,000333-2021-05-26#1,2021-05-26,否,2020,年度分配,2021,实施,0.0,0.0,16.0058,1.60058,2021-06-02,2021-06-01,,16.01,16.01,2021-05-22,2021-06-02,是,否,否,http://vip.stock.finance.sina.com.cn/corp/view/vISSUE_ShareBonusDetail.php?stockid=000333&type=1&end_date=2021-05-26
000333,美的集团,000333-2020-05-27#1,2020-05-27,否,2019,年度分配,2020,实施,0.0,0.0,16.0,1.6,2020-06-02,2020-06-01,,16.0,16.0,2020-05-23,2020-06-02,是,否,否,http://vip.stock.finance.sina.com.cn/corp/view/vISSUE_ShareBonusDetail.php?stockid=000333&type=1&end_date=2020-05-27
000333,美的集团,000333-2019-05-23#1,2019-05-23,否,2018,年度分配,2019,实施,0.0,0.0,13.0396,1.30396,2019-05-30,2019-05-29,,13.04,13.04,2019-05-14,2019-05-30,是,否,否,http://vip.stock.finance.sina.com.cn/corp/view/vISSUE_ShareBonusDetail.php?stockid=000333&type=1&end_date=2019-05-23
000333,美的集团,000333-2018-04-26#1,2018-04-26,否,2017,年度分配,2018,实施,0.0,0.0,12.0,1.2,2018-05-04,2018-05-03,,12.0,12.0,2018-04-24,2018-05-04,是,否,否,http://vip.stock.finance.sina.com.cn/corp/view/vISSUE_ShareBonusDetail.php?stockid=000333&type=1&end_date=2018-04-26
000333,美的集团,000333-2017-05-03#1,2017-05-03,否,2016,年度分配,2017,实施,0.0,0.0,10.0,1.0,2017-05-10,2017-05-09,,10.0,10.0,2017-04-22,2017-05-10,是,否,否,http://vip.stock.finance.sina.com.cn/corp/view/vISSUE_ShareBonusDetail.php?stockid=000333&type=1&end_date=2017-05-03
000333,美的集团,000333-2016-04-29#1,2016-04-29,否,2015,年度分配,2016,实施,0.0,5.0,12.0,1.2,2016-05-06,2016-05-05,,12.0,,2016-04-27,2016-05-06,是,否,是,http://vip.stock.finance.sina.com.cn/corp/view/vISSUE_ShareBonusDetail.php?stockid=000333&type=1&end_date=2016-04-29
000333,美的集团,000333-2015-04-24#1,2015-04-24,否,2014,年度分配,2015,实施,0.0,0.0,10.0,1.0,2015-04-30,2015-04-29,,10.0,9.5,2015-04-22,2015-04-30,是,否,否,http://vip.stock.finance.sina.com.cn/corp/view/vISSUE_ShareBonusDetail.php?stockid=000333&type=1&end_date=2015-04-24
000333,美的集团,000333-2014-04-23#1,2014-04-23,否,2013,年度分配,2014,实施,0.0,15.0,20.0,2.0,2014-04-30,2014-04-29,,20.0,,2014-04-22,2014-04-30,是,否,是,http://vip.stock.finance.sina.com.cn/corp/view/vISSUE_ShareBonusDetail.php?stockid=000333&type=1&end_date=2014-04-23
600036,招商银行,600036-2026-07-04#1,2026-07-04,否,2025,年度分配,2026,实施,0.0,0.0,10.03,1.003,2026-07-10,2026-07-09,,10.03,10.03,2026-06-26,2026-07-10,是,否,否,http://vip.stock.finance.sina.com.cn/corp/view/vISSUE_ShareBonusDetail.php?stockid=600036&type=1&end_date=2026-07-04
600036,招商银行,600036-2026-01-10#1,2026-01-10,否,2025,年度分配,2026,实施,0.0,0.0,10.13,1.013,2026-01-16,2026-01-15,,10.13,10.13,2025-06-26,2026-01-16,是,否,否,http://vip.stock.finance.sina.com.cn/corp/view/vISSUE_ShareBonusDetail.php?stockid=600036&type=1&end_date=2026-01-10
600036,招商银行,600036-2025-12-30#1,2025-12-30,否,2025,中期分配,2025,预案,0.0,0.0,10.13,1.013,,,,10.13,,2025-06-26,,是,否,否,http://vip.stock.finance.sina.com.cn/corp/view/vISSUE_ShareBonusDetail.php?stockid=600036&type=1&end_date=2025-12-30
600036,招商银行,600036-2025-07-04#1,2025-07-04,否,2024,年度分配,2025,实施,0.0,0.0,20.0,2.0,2025-07-11,2025-07-10,,20.0,20.0,2025-06-26,2025-07-11,是,否,否,http://vip.stock.finance.sina.com.cn/corp/view/vISSUE_ShareBonusDetail.php?stockid=600036&type=1&end_date=2025-07-04
600036,招商银行,600036-2024-07-04#1,2024-07-04,否,2023,年度分配,2024,实施,0.0,0.0,19.72,1.972,2024-07-11,2024-07-10,,19.72,19.72,2024-06-26,2024-07-11,是,否,否,http://vip.stock.finance.sina.com.cn/corp/view/vISSUE_ShareBonusDetail.php?stockid=600036&type=1&end_date=2024-07-04
600036,招商银行,600036-2023-07-06#1,2023-07-06,否,2022,年度分配,2023,实施,0.0,0.0,17.38,1.738,2023-07-13,2023-07-12,,17.38,17.38,2023-06-28,2023-07-13,是,否,否,http://vip.stock.finance.sina.com.cn/corp/view/vISSUE_ShareBonusDetail.php?stockid=600036&type=1&end_date=2023-07-06
600036,招商银行,600036-2022-07-08#1,2022-07-08,否,2021,年度分配,2022,实施,0.0,0.0,15.22,1.522,2022-07-15,2022-07-14,,15.22,15.22,2022-06-30,2022-07-15,是,否,否,http://vip.stock.finance.sina.com.cn/corp/view/vISSUE_ShareBonusDetail.php?stockid=600036&type=1&end_date=2022-07-08
600036,招商银行,600036-2021-07-06#1,2021-07-06,否,2020,年度分配,2021,实施,0.0,0.0,12.53,1.253,2021-07-13,2021-07-12,,12.53,12.53,2021-06-26,2021-07-13,是,否,否,http://vip.stock.finance.sina.com.cn/corp/view/vISSUE_ShareBonusDetail.php?stockid=600036&type=1&end_date=2021-07-06
600036,招商银行,600036-2020-07-03#1,2020-07-03,否,2019,年度分配,2020,实施,0.0,0.0,12.0,1.2,2020-07-10,2020-07-09,,12.0,12.0,2020-06-24,2020-07-10,是,否,否,http://vip.stock.finance.sina.com.cn/corp/view/vISSUE_ShareBonusDetail.php?stockid=600036&type=1&end_date=2020-07-03
600036,招商银行,600036-2019-07-05#1,2019-07-05,否,2018,年度分配,2019,实施,0.0,0.0,9.4,0.94,2019-07-12,2019-07-11,,9.4,9.4,2019-06-28,2019-07-12,是,否,否,http://vip.stock.finance.sina.com.cn/corp/view/vISSUE_ShareBonusDetail.php?stockid=600036&type=1&end_date=2019-07-05
600036,招商银行,600036-2018-07-05#1,2018-07-05,否,2017,年度分配,2018,实施,0.0,0.0,8.4,0.84,2018-07-12,2018-07-11,,8.4,8.4,2018-06-28,2018-07-12,是,否,否,http://vip.stock.finance.sina.com.cn/corp/view/vISSUE_ShareBonusDetail.php?stockid=600036&type=1&end_date=2018-07-05
600036,招商银行,600036-2017-06-06#1,2017-06-06,否,2016,年度分配,2017,实施,0.0,0.0,7.4,0.74,2017-06-14,2017-06-13,,7.4,7.4,2017-05-27,2017-06-14,是,否,否,http://vip.stock.finance.sina.com.cn/corp/view/vISSUE_ShareBonusDetail.php?stockid=600036&type=1&end_date=2017-06-06
600036,招商银行,600036-2016-07-05#1,2016-07-05,否,2015,年度分配,2016,实施,0.0,0.0,6.9,0.69,2016-07-13,2016-07-12,,6.9,6.9,2016-06-29,2016-07-13,是,否,否,http://vip.stock.finance.sina.com.cn/corp/view/vISSUE_ShareBonusDetail.php?stockid=600036&type=1&end_date=2016-07-05
600036,招商银行,600036-2015-06-25#1,2015-06-25,否,2014,年度分配,2015,实施,0.0,0.0,6.7,0.67,2015-07-03,2015-07-02,,6.7,6.37,2015-06-20,2015-07-03,是,否,否,http://vip.stock.finance.sina.com.cn/corp/view/vISSUE_ShareBonusDetail.php?stockid=600036&type=1&end_date=2015-06-25
600036,招商银行,600036-2014-07-03#1,2014-07-03,否,2013,年度分配,2014,实施,0.0,0.0,6.2,0.62,2014-07-11,2014-07-10,,6.2,5.89,2014-07-01,2014-07-11,是,否,否,http://vip.stock.finance.sina.com.cn/corp/view/vISSUE_ShareBonusDetail.php?stockid=600036&type=1&end_date=2014-07-03
600036,招商银行,600036-2013-06-04#1,2013-06-04,否,2012,年度分配,2013,实施,0.0,0.0,6.3,0.63,2013-06-13,2013-06-07,,6.3,5.99,2013-06-01,2013-06-19,是,否,否,http://vip.stock.finance.sina.com.cn/corp/view/vISSUE_ShareBonusDetail.php?stockid=600036&type=1&end_date=2013-06-04
600036,招商银行,600036-2012-06-01#1,2012-06-01,否,2011,年度分配,2012,实施,0.0,0.0,4.2,0.42,2012-06-07,2012-06-06,,4.2,3.78,2012-05-31,2012-06-13,是,否,否,http://vip.stock.finance.sina.com.cn/corp/view/vISSUE_ShareBonusDetail.php?stockid=600036&type=1&end_date=2012-06-01
600036,招商银行,600036-2011-06-03#1,2011-06-03,否,2010,年度分配,2011,实施,0.0,0.0,2.9,0.29,2011-06-10,2011-06-09,,2.9,2.61,2011-05-31,2011-06-16,是,否,否,http://vip.stock.finance.sina.com.cn/corp/view/vISSUE_ShareBonusDetail.php?stockid=600036&type=1&end_date=2011-06-03
600036,招商银行,600036-2010-06-25#1,2010-06-25,否,2009,年度分配,2010,实施,0.0,0.0,2.1,0.21,2010-07-01,2010-06-30,,2.1,1.89,2010-06-24,2010-07-08,是,否,否,http://vip.stock.finance.sina.com.cn/corp/view/vISSUE_ShareBonusDetail.php?stockid=600036&type=1&end_date=2010-06-25
600036,招商银行,600036-2009-06-29#1,2009-06-29,否,2008,年度分配,2009,实施,3.0,0.0,1.0,0.1,2009-07-03,2009-07-02,,1.0,,2009-06-20,2009-07-03,是,是,否,http://vip.stock.finance.sina.com.cn/corp/view/vISSUE_ShareBonusDetail.php?stockid=600036&type=1&end_date=2009-06-29
600036,招商银行,600036-2008-07-22#1,2008-07-22,否,2007,年度分配,2008,实施,0.0,0.0,2.8,0.28,2008-07-28,2008-07-25,,2.8,2.52,2008-06-28,2008-08-01,是,否,否,http://vip.stock.finance.sina.com.cn/corp/view/vISSUE_ShareBonusDetail.php?stockid=600036&type=1&end_date=2008-07-22
600036,招商银行,600036-2007-06-28#1,2007-06-28,否,2006,年度分配,2007,实施,0.0,0.0,1.2,0.12,2007-07-04,2007-07-03,,1.2,1.08,2007-06-18,2007-07-10,是,否,否,http://vip.stock.finance.sina.com.cn/corp/view/vISSUE_ShareBonusDetail.php?stockid=600036&type=1&end_date=2007-06-28
600036,招商银行,600036-2006-09-15#1,2006-09-15,否,2006,中期分配,2006,实施,0.0,0.0,1.8,0.18,2006-09-21,2006-09-20,,1.8,1.62,2006-08-22,2006-09-27,是,否,否,http://vip.stock.finance.sina.com.cn/corp/view/vISSUE_ShareBonusDetail.php?stockid=600036&type=1&end_date=2006-09-15
600036,招商银行,600036-2006-06-12#1,2006-06-12,否,2005,年度分配,2006,实施,0.0,0.0,0.8,0.08,2006-06-16,2006-06-15,,0.8,0.72,2006-05-17,2006-06-21,是,否,否,http://vip.stock.finance.sina.com.cn/corp/view/vISSUE_ShareBonusDetail.php?stockid=600036&type=1&end_date=2006-06-12
600036,招商银行,600036-2006-02-22#1,2006-02-22,否,2005,年度分配,2006,实施,0.0,0.8589,0.0,0.0,2006-02-24,2006-02-23,2006-02-27,,,2006-01-23,2006-02-24,否,否,是,http://vip.stock.finance.sina.com.cn/corp/view/vISSUE_ShareBonusDetail.php?stockid=600036&type=1&end_date=2006-02-22
600036,招商银行,600036-2005-06-14#1,2005-06-14,否,2004,年度分配,2005,实施,0.0,5.0,1.1,0.11,2005-06-20,2005-06-17,,1.1,,2005-05-18,2005-06-20,是,否,是,http://vip.stock.finance.sina.com.cn/corp/view/vISSUE_ShareBonusDetail.php?stockid=600036&type=1&end_date=2005-06-14
600036,招商银行,600036-2004-04-28#1,2004-04-28,否,2003,年度分配,2004,实施,0.0,2.0,0.92,0.092,2004-05-11,2004-05-10,,0.92,,2004-03-20,2004-05-11,是,否,是,http://vip.stock.finance.sina.com.cn/corp/view/vISSUE_ShareBonusDetail.php?stockid=600036&type=1&end_date=2004-04-28
600036,招商银行,600036-2003-07-08#1,2003-07-08,否,2002,年度分配,2003,实施,0.0,0.0,1.2,0.12,2003-07-16,2003-07-15,,1.2,0.96,2003-05-27,2003-07-23,是,否,否,http://vip.stock.finance.sina.com.cn/corp/view/vISSUE_ShareBonusDetail.php?stockid=600036&type=1&end_date=2003-07-08
601318,中国平安,601318-2026-08-21#1,2026-08-21,否,2025,年度分配,2026,实施,0.0,0.0,9.8,0.98,2026-09-10,2026-09-09,,9.8,,,2026-09-10,是,否,否,http://vip.stock.finance.sina.com.cn/corp/view/vISSUE_ShareBonusDetail.php?stockid=601318&type=1&end_date=2026-08-21
601318,中国平安,601318-2026-05-21#1,2026-05-21,否,2025,年度分配,2026,实施,0.0,0.0,17.5,1.75,2026-06-10,2026-06-09,,17.5,17.5,2026-05-21,2026-06-10,是,否,否,http://vip.stock.finance.sina.com.cn/corp/view/vISSUE_ShareBonusDetail.php?stockid=601318&type=1&end_date=2026-05-21
601318,中国平安,601318-2025-10-17#1,2025-10-17,否,2025,中期分配,2025,实施,0.0,0.0,9.5,0.95,2025-10-24,2025-10-23,,9.5,9.5,2025-05-14,2025-10-24,是,否,否,http://vip.stock.finance.sina.com.cn/corp/view/vISSUE_ShareBonusDetail.php?stockid=601318&type=1&end_date=2025-10-17
601318,中国平安,601318-2025-06-20#1,2025-06-20,否,2024,年度分配,2025,实施,0.0,0.0,16.2,1.62,2025-06-30,2025-06-27,,16.2,16.2,2025-05-14,2025-06-30,是,否,否,http://vip.stock.finance.sina.com.cn/corp/view/vISSUE_ShareBonusDetail.php?stockid=601318&type=1&end_date=2025-06-20
601318,中国平安,601318-2024-10-11#1,2024-10-11,否,2024,中期分配,2024,实施,0.0,0.0,9.3,0.93,2024-10-18,2024-10-17,,9.3,9.3,,2024-10-18,是,否,否,http://vip.stock.finance.sina.com.cn/corp/view/vISSUE_ShareBonusDetail.php?stockid=601318&type=1&end_date=2024-10-11
601318,中国平安,601318-2024-07-19#1,2024-07-19,否,2023,年度分配,2024,实施,0.0,0.0,15.0,1.5,2024-07-26,2024-07-25,,15.0,15.0,2024-05-31,2024-07-26,是,否,否,http://vip.stock.finance.sina.com.cn/corp/view/vISSUE_ShareBonusDetail.php?stockid=601318&type=1&end_date=2024-07-19
601318,中国平安,601318-2023-10-18#1,2023-10-18,否,2023,中期分配,2023,实施,0.0,0.0,9.3,0.93,2023-10-25,2023-10-24,,9.3,9.3,,2023-10-25,是,否,否,http://vip.stock.finance.sina.com.cn/corp/view/vISSUE_ShareBonusDetail.php?stockid=601318&type=1&end_date=2023-10-18
601318,中国平安,601318-2023-06-07#1,2023-06-07,否,2022,年度分配,2023,实施,0.0,0.0,15.0,1.5,2023-06-14,2023-06-13,,15.0,15.0,2023-05-13,2023-06-14,是,否,否,http://vip.stock.finance.sina.com.cn/corp/view/vISSUE_ShareBonusDetail.php?stockid=601318&type=1&end_date=2023-06-07
601318,中国平安,601318-2022-10-13#1,2022-10-13,否,2022,中期分配,2022,实施,0.0,0.0,9.2,0.92,2022-10-20,2022-10-19,,9.2,9.2,,2022-10-20,是,否,否,http://vip.stock.finance.sina.com.cn/corp/view/vISSUE_ShareBonusDetail.php?stockid=601318&type=1&end_date=2022-10-13
601318,中国平安,601318-2022-06-11#1,2022-06-11,否,2021,年度分配,2022,实施,0.0,0.0,15.0,1.5,2022-06-20,2022-06-17,,15.0,15.0,2022-04-30,2022-06-20,是,否,否,http://vip.stock.finance.sina.com.cn/corp/view/vISSUE_ShareBonusDetail.php?stockid=601318&type=1&end_date=2022-06-11
601318,中国平安,601318-2021-10-16#1,2021-10-16,否,2021,中期分配,2021,实施,0.0,0.0,8.8,0.88,2021-10-25,2021-10-22,,8.8,8.8,,2021-10-25,是,否,否,http://vip.stock.finance.sina.com.cn/corp/view/vISSUE_ShareBonusDetail.php?stockid=601318&type=1&end_date=2021-10-16
601318,中国平安,601318-2021-04-15#1,2021-04-15,否,2020,年度分配,2021,实施,0.0,0.0,14.0,1.4,2021-04-22,2021-04-21,,14.0,14.0,2021-03-26,2021-04-22,是,否,否,http://vip.stock.finance.sina.com.cn/corp/view/vISSUE_ShareBonusDetail.php?stockid=601318&type=1&end_date=2021-04-15
601318,中国平安,601318-2020-09-10#1,2020-09-10,否,2020,中期分配,2020,实施,0.0,0.0,8.0,0.8,2020-09-16,2020-09-15,,8.0,8.0,,2020-09-16,是,否,否,http://vip.stock.finance.sina.com.cn/corp/view/vISSUE_ShareBonusDetail.php?stockid=601318&type=1&end_date=2020-09-10
601318,中国平安,601318-2020-04-29#1,2020-04-29,否,2019,年度分配,2020,实施,0.0,0.0,13.0,1.3,2020-05-08,2020-05-07,,13.0,13.0,2020-04-10,2020-05-08,是,否,否,http://vip.stock.finance.sina.com.cn/corp/view/vISSUE_ShareBonusDetail.php?stockid=601318&type=1&end_date=2020-04-29
601318,中国平安,601318-2019-08-29#1,2019-08-29,否,2018,年度分配,2019,实施,0.0,0.0,7.5,0.75,2019-09-04,2019-09-03,,7.5,7.5,,2019-09-04,是,否,否,http://vip.stock.finance.sina.com.cn/corp/view/vISSUE_ShareBonusDetail.php?stockid=601318&type=1&end_date=2019-08-29
601318,中国平安,601318-2019-05-17#1,2019-05-17,否,2018,年度分配,2019,实施,0.0,0.0,11.0,1.1,2019-05-23,2019-05-22,,11.0,11.0,2019-04-30,2019-05-23,是,否,否,http://vip.stock.finance.sina.com.cn/corp/view/vISSUE_ShareBonusDetail.php?stockid=601318&type=1&end_date=2019-05-17
601318,中国平安,601318-2018-08-30#1,2018-08-30,否,2017,年度分配,2018,实施,0.0,0.0,6.2,0.62,2018-09-06,2018-09-05,,6.2,6.2,,2018-09-06,是,否,否,http://vip.stock.finance.sina.com.cn/corp/view/vISSUE_ShareBonusDetail.php?stockid=601318&type=1&end_date=2018-08-30
601318,中国平安,601318-2018-05-31#1,2018-05-31,否,2017,年度分配,2018,实施,0.0,0.0,10.0,1.0,2018-06-07,2018-06-06,,2.0,2.0,2018-05-24,2018-06-07,是,否,否,http://vip.stock.finance.sina.com.cn/corp/view/vISSUE_ShareBonusDetail.php?stockid=601318&type=1&end_date=2018-05-31
601318,中国平安,601318-2018-04-27#1,2018-04-27,否,2017,年度分配,2018,预案,0.0,0.0,2.0,0.2,,,,2.0,,2018-05-24,2018-06-07,是,否,否,http://vip.stock.finance.sina.com.cn/corp/view/vISSUE_ShareBonusDetail.php?stockid=601318&type=1&end_date=2018-04-27
601318,中国平安,601318-2017-08-26#1,2017-08-26,否,2016,年度分配,2017,实施,0.0,0.0,5.0,0.5,2017-09-04,2017-09-01,,5.0,5.0,,2017-09-04,是,否,否,http://vip.stock.finance.sina.com.cn/corp/view/vISSUE_ShareBonusDetail.php?stockid=601318&type=1&end_date=2017-08-26
601318,中国平安,601318-2017-07-04#1,2017-07-04,否,2016,年度分配,2017,实施,0.0,0.0,5.5,0.55,2017-07-11,2017-07-10,,5.5,5.5,2017-06-17,2017-07-11,是,否,否,http://vip.stock.finance.sina.com.cn/corp/view/vISSUE_ShareBonusDetail.php?stockid=601318&type=1&end_date=2017-07-04
601318,中国平安,601318-2016-08-27#1,2016-08-27,否,2015,年度分配,2016,实施,0.0,0.0,2.0,0.2,2016-09-05,2016-09-02,,2.0,2.0,,2016-09-05,是,否,否,http://vip.stock.finance.sina.com.cn/corp/view/vISSUE_ShareBonusDetail.php?stockid=601318&type=1&end_date=2016-08-27
601318,中国平安,601318-2016-06-28#1,2016-06-28,否,2015,年度分配,2016,实施,0.0,0.0,3.5,0.35,2016-07-05,2016-07-04,,3.5,3.5,2016-06-16,2016-07-05,是,否,否,http://vip.stock.finance.sina.com.cn/corp/view/vISSUE_ShareBonusDetail.php?stockid=601318&type=1&end_date=2016-06-28
601318,中国平安,601318-2015-08-29#1,2015-08-29,否,2014,年度分配,2015,实施,0.0,0.0,1.8,0.18,2015-09-09,2015-09-08,,1.8,1.8,,2015-09-09,是,否,否,http://vip.stock.finance.sina.com.cn/corp/view/vISSUE_ShareBonusDetail.php?stockid=601318&type=1&end_date=2015-08-29
601318,中国平安,601318-2015-07-18#1,2015-07-18,否,2014,年度分配,2015,实施,0.0,10.0,5.0,0.5,2015-07-27,2015-07-24,,5.0,,2015-06-16,2015-07-27,是,否,是,http://vip.stock.finance.sina.com.cn/corp/view/vISSUE_ShareBonusDetail.php?stockid=601318&type=1&end_date=2015-07-18
601318,中国平安,601318-2014-09-05#1,2014-09-05,否,2014,中期分配,2014,实施,0.0,0.0,2.5,0.25,2014-09-12,2014-09-11,,2.5,2.38,,2014-09-12,是,否,否,http://vip.stock.finance.sina.com.cn/corp/view/vISSUE_ShareBonusDetail.php?stockid=601318&type=1&end_date=2014-09-05
601318,中国平安,601318-2014-06-20#1,2014-06-20,否,2013,年度分配,2014,实施,0.0,0.0,4.5,0.45,2014-06-27,2014-06-26,,4.5,4.28,2014-06-13,2014-06-27,是,否,否,http://vip.stock.finance.sina.com.cn/corp/view/vISSUE_ShareBonusDetail.php?stockid=601318&type=1&end_date=2014-06-20
601318,中国平安,601318-2013-09-04#1,2013-09-04,否,2013,中期分配,2013,实施,0.0,0.0,2.0,0.2,2013-09-10,2013-09-09,,2.0,1.9,,2013-09-13,是,否,否,http://vip.stock.finance.sina.com.cn/corp/view/vISSUE_ShareBonusDetail.php?stockid=601318&type=1&end_date=2013-09-04
601318,中国平安,601318-2013-05-14#1,2013-05-14,否,2012,年度分配,2013,实施,0.0,0.0,3.0,0.3,2013-05-20,2013-05-17,,3.0,2.85,2013-05-11,2013-05-23,是,否,否,http://vip.stock.finance.sina.com.cn/corp/view/vISSUE_ShareBonusDetail.php?stockid=601318&type=1&end_date=2013-05-14
601318,中国平安,601318-2012-09-20#1,2012-09-20,否,2012,中期分配,2012,实施,0.0,0.0,1.5,0.15,2012-09-26,2012-09-25,,1.5,1.35,,2012-10-22,是,否,否,http://vip.stock.finance.sina.com.cn/corp/view/vISSUE_ShareBonusDetail.php?stockid=601318&type=1&end_date=2012-09-20
601318,中国平安,601318-2012-07-10#1,2012-07-10,否,2011,年度分配,2012,实施,0.0,0.0,2.5,0.25,2012-07-16,2012-07-13,,2.5,2.25,2012-06-28,2012-07-27,是,否,否,http://vip.stock.finance.sina.com.cn/corp/view/vISSUE_ShareBonusDetail.php?stockid=601318&type=1&end_date=2012-07-10
601318,中国平安,601318-2011-08-27#1,2011-08-27,否,2010,年度分配,2011,实施,0.0,0.0,1.5,0.15,2011-09-02,2011-09-01,,1.5,1.35,,2011-09-23,是,否,否,http://vip.stock.finance.sina.com.cn/corp/view/vISSUE_ShareBonusDetail.php?stockid=601318&type=1&end_date=2011-08-27
601318,中国平安,601318-2011-07-13#1,2011-07-13,否,2010,年度分配,2011,实施,0.0,0.0,4.0,0.4,2011-07-21,2011-07-20,,4.0,3.6,2011-06-17,2011-07-29,是,否,否,http://vip.stock.finance.sina.com.cn/corp/view/vISSUE_ShareBonusDetail.php?stockid=601318&type=1&end_date=2011-07-13
601318,中国平安,601318-2010-09-03#1,2010-09-03,否,2010,中期分配,2010,实施,0.0,0.0,1.5,0.15,2010-09-09,2010-09-08,,1.5,1.35,,2010-09-17,是,否,否,http://vip.stock.finance.sina.com.cn/corp/view/vISSUE_ShareBonusDetail.php?stockid=601318&type=1&end_date=2010-09-03
601318,中国平安,601318-2010-07-07#1,2010-07-07,否,2009,年度分配,2010,实施,0.0,0.0,3.0,0.3,2010-07-13,2010-07-12,,3.0,2.7,2010-06-30,2010-07-21,是,否,否,http://vip.stock.finance.sina.com.cn/corp/view/vISSUE_ShareBonusDetail.php?stockid=601318&type=1&end_date=2010-07-07
601318,中国平安,601318-2009-08-26#1,2009-08-26,否,2008,年度分配,2009,实施,0.0,0.0,1.5,0.15,2009-09-01,2009-08-31,,1.5,1.35,,2009-09-09,是,否,否,http://vip.stock.finance.sina.com.cn/corp/view/vISSUE_ShareBonusDetail.php?stockid=601318&type=1&end_date=2009-08-26
601318,中国平安,601318-2009-04-09#1,2009-04-09,否,2008,年度分配,2009,不分配,0.0,0.0,0.0,0.0,,,,,,,,否,否,否,http://vip.stock.finance.sina.com.cn/corp/view/vISSUE_ShareBonusDetail.php?stockid=601318&type=1&end_date=2009-04-09
601318,中国平安,601318-2008-09-19#1,2008-09-19,否,2008,中期分配,2008,实施,0.0,0.0,2.0,0.2,2008-10-06,2008-09-26,,2.0,1.8,,2008-10-10,是,否,否,http://vip.stock.finance.sina.com.cn/corp/view/vISSUE_ShareBonusDetail.php?stockid=601318&type=1&end_date=2008-09-19
601318,中国平安,601318-2008-05-19#1,2008-05-19,否,2007,年度分配,2008,实施,0.0,0.0,5.0,0.5,2008-05-23,2008-05-22,,5.0,4.5,2008-05-14,2008-05-27,是,否,否,http://vip.stock.finance.sina.com.cn/corp/view/vISSUE_ShareBonusDetail.php?stockid=601318&type=1&end_date=2008-05-19
601318,中国平安,601318-2007-08-28#1,2007-08-28,否,2006,年度分配,2007,实施,0.0,0.0,2.0,0.2,2007-09-03,2007-08-31,,2.0,1.8,,2007-09-07,是,否,否,http://vip.stock.finance.sina.com.cn/corp/view/vISSUE_ShareBonusDetail.php?stockid=601318&type=1&end_date=2007-08-28
601318,中国平安,601318-2007-06-15#1,2007-06-15,否,2006,年度分配,2007,实施,0.0,0.0,2.2,0.22,2007-06-22,2007-06-21,,2.2,1.98,2007-06-08,2007-06-27,是,否,否,http://vip.stock.finance.sina.com.cn/corp/view/vISSUE_ShareBonusDetail.php?stockid=601318&type=1&end_date=2007-06-15
