股票代码,记录编号,规则,字段,级别,说明
600519,600519-2026-06-22#1,R6,cash_per10_pretax,warning,派息税前(元/10股)为 280.242，超过合理上界 100
600519,600519-2025-12-11#1,R6,cash_per10_pretax,warning,派息税前(元/10股)为 239.57，超过合理上界 100
600519,600519-2025-06-20#1,R6,cash_per10_pretax,warning,派息税前(元/10股)为 276.73，超过合理上界 100
600519,600519-2024-12-14#1,R6,cash_per10_pretax,warning,派息税前(元/10股)为 238.82，超过合理上界 100
600519,600519-2024-06-12#1,R6,cash_per10_pretax,warning,派息税前(元/10股)为 308.76，超过合理上界 100
600519,600519-2023-12-14#1,R6,cash_per10_pretax,warning,派息税前(元/10股)为 191.06，超过合理上界 100
600519,600519-2023-06-26#1,R6,cash_per10_pretax,warning,派息税前(元/10股)为 259.11，超过合理上界 100
600519,600519-2022-12-21#1,R6,cash_per10_pretax,warning,派息税前(元/10股)为 219.1，超过合理上界 100
600519,600519-2022-06-24#1,R6,cash_per10_pretax,warning,派息税前(元/10股)为 216.75，超过合理上界 100
600519,600519-2021-06-21#1,R6,cash_per10_pretax,warning,派息税前(元/10股)为 192.93，超过合理上界 100
600519,600519-2020-06-18#1,R6,cash_per10_pretax,warning,派息税前(元/10股)为 170.25，超过合理上界 100
600519,600519-2019-06-22#1,R6,cash_per10_pretax,warning,派息税前(元/10股)为 145.39，超过合理上界 100
600519,600519-2018-06-08#1,R6,cash_per10_pretax,warning,派息税前(元/10股)为 109.99，超过合理上界 100
000858,000858-2008-02-28#1,R2,cash_per10_pretax,warning,送股 / 转增 / 派息三项均为 0 或缺失，按空方案记录
000858,000858-2005-04-16#1,R2,cash_per10_pretax,warning,送股 / 转增 / 派息三项均为 0 或缺失，按空方案记录
601318,601318-2018-05-31#1,R7,detail_cash_pretax,warning,列表页派息 10.0 与明细页税前红利 2.0 差额超过 0.01 元
601318,601318-2009-04-09#1,R2,cash_per10_pretax,warning,送股 / 转增 / 派息三项均为 0 或缺失，按空方案记录
