股票代码,股票名称,分红年度,记录数,含现金分红记录数,每股派息合计(元),送股合计(股/10股),转增合计(股/10股)
000333,美的集团,2013,1,1,2.0,0.0,15.0
000333,美的集团,2014,1,1,1.0,0.0,0.0
000333,美的集团,2015,1,1,1.2,0.0,5.0
000333,美的集团,2016,1,1,1.0,0.0,0.0
000333,美的集团,2017,1,1,1.2,0.0,0.0
000333,美的集团,2018,1,1,1.304,0.0,0.0
000333,美的集团,2019,1,1,1.6,0.0,0.0
000333,美的集团,2020,1,1,1.6006,0.0,0.0
000333,美的集团,2021,1,1,1.7009,0.0,0.0
000333,美的集团,2022,1,1,2.5,0.0,0.0
000333,美的集团,2023,1,1,3.0,0.0,0.0
000333,美的集团,2024,1,1,3.5,0.0,0.0
000333,美的集团,2025,3,3,4.8,0.0,0.0
000858,五粮液,1998,1,1,1.25,0.0,0.0
000858,五粮液,1999,1,0,0.0,0.0,5.0
000858,五粮液,2000,1,1,0.1,4.0,3.0
000858,五粮液,2001,1,1,0.025,1.0,2.0
000858,五粮液,2002,1,0,0.0,0.0,2.0
000858,五粮液,2003,1,1,0.2,8.0,2.0
000858,五粮液,2004,1,0,0.0,0.0,0.0
000858,五粮液,2005,1,1,0.1,0.0,0.0
000858,五粮液,2006,1,1,0.06,4.0,0.0
000858,五粮液,2007,1,0,0.0,0.0,0.0
000858,五粮液,2008,1,1,0.05,0.0,0.0
000858,五粮液,2009,1,1,0.15,0.0,0.0
000858,五粮液,2010,1,1,0.3,0.0,0.0
000858,五粮液,2011,1,1,0.5,0.0,0.0
000858,五粮液,2012,1,1,0.8,0.0,0.0
000858,五粮液,2013,1,1,0.7,0.0,0.0
000858,五粮液,2014,1,1,0.6,0.0,0.0
000858,五粮液,2015,1,1,0.8,0.0,0.0
000858,五粮液,2016,1,1,0.9,0.0,0.0
000858,五粮液,2017,1,1,1.3,0.0,0.0
000858,五粮液,2018,1,1,1.7,0.0,0.0
000858,五粮液,2019,1,1,2.2,0.0,0.0
000858,五粮液,2020,1,1,2.58,0.0,0.0
000858,五粮液,2021,1,1,3.023,0.0,0.0
000858,五粮液,2022,1,1,3.782,0.0,0.0
000858,五粮液,2023,1,1,4.67,0.0,0.0
000858,五粮液,2024,3,3,8.321,0.0,0.0
000858,五粮液,2025,2,2,5.1577,0.0,0.0
600036,招商银行,2002,1,1,0.12,0.0,0.0
600036,招商银行,2003,1,1,0.092,0.0,2.0
600036,招商银行,2004,1,1,0.11,0.0,5.0
600036,招商银行,2005,2,1,0.08,0.0,0.8589
600036,招商银行,2006,2,2,0.3,0.0,0.0
600036,招商银行,2007,1,1,0.28,0.0,0.0
600036,招商银行,2008,1,1,0.1,3.0,0.0
600036,招商银行,2009,1,1,0.21,0.0,0.0
600036,招商银行,2010,1,1,0.29,0.0,0.0
600036,招商银行,2011,1,1,0.42,0.0,0.0
600036,招商银行,2012,1,1,0.63,0.0,0.0
600036,招商银行,2013,1,1,0.62,0.0,0.0
600036,招商银行,2014,1,1,0.67,0.0,0.0
600036,招商银行,2015,1,1,0.69,0.0,0.0
600036,招商银行,2016,1,1,0.74,0.0,0.0
600036,招商银行,2017,1,1,0.84,0.0,0.0
600036,招商银行,2018,1,1,0.94,0.0,0.0
600036,招商银行,2019,1,1,1.2,0.0,0.0
600036,招商银行,2020,1,1,1.253,0.0,0.0
600036,招商银行,2021,1,1,1.522,0.0,0.0
600036,招商银行,2022,1,1,1.738,0.0,0.0
600036,招商银行,2023,1,1,1.972,0.0,0.0
600036,招商银行,2024,1,1,2.0,0.0,0.0
600036,招商银行,2025,3,3,3.029,0.0,0.0
600519,贵州茅台,2001,1,1,0.6,0.0,1.0
600519,贵州茅台,2002,1,1,0.2,1.0,0.0
600519,贵州茅台,2003,1,1,0.3,0.0,3.0
600519,贵州茅台,2004,1,1,0.5,0.0,2.0
600519,贵州茅台,2005,3,2,0.891,0.0,10.0
600519,贵州茅台,2006,1,1,0.7,0.0,0.0
600519,贵州茅台,2007,1,1,0.836,0.0,0.0
600519,贵州茅台,2008,1,1,1.156,0.0,0.0
600519,贵州茅台,2009,1,1,1.185,0.0,0.0
600519,贵州茅台,2010,1,1,2.3,1.0,0.0
600519,贵州茅台,2011,1,1,3.997,0.0,0.0
600519,贵州茅台,2012,1,1,6.419,0.0,0.0
600519,贵州茅台,2013,1,1,4.374,1.0,0.0
600519,贵州茅台,2014,1,1,4.374,1.0,0.0
600519,贵州茅台,2015,1,1,6.171,0.0,0.0
600519,贵州茅台,2016,1,1,6.787,0.0,0.0
600519,贵州茅台,2017,1,1,10.999,0.0,0.0
600519,贵州茅台,2018,1,1,14.539,0.0,0.0
600519,贵州茅台,2019,1,1,17.025,0.0,0.0
600519,贵州茅台,2020,1,1,19.293,0.0,0.0
600519,贵州茅台,2021,1,1,21.675,0.0,0.0
600519,贵州茅台,2022,2,2,47.821,0.0,0.0
600519,贵州茅台,2023,2,2,49.982,0.0,0.0
600519,贵州茅台,2024,2,2,51.555,0.0,0.0
600519,贵州茅台,2025,2,2,51.9812,0.0,0.0
601318,中国平安,2006,2,2,0.42,0.0,0.0
601318,中国平安,2007,1,1,0.5,0.0,0.0
601318,中国平安,2008,3,2,0.35,0.0,0.0
601318,中国平安,2009,1,1,0.3,0.0,0.0
601318,中国平安,2010,3,3,0.7,0.0,0.0
601318,中国平安,2011,1,1,0.25,0.0,0.0
601318,中国平安,2012,2,2,0.45,0.0,0.0
601318,中国平安,2013,2,2,0.65,0.0,0.0
601318,中国平安,2014,3,3,0.93,0.0,10.0
601318,中国平安,2015,2,2,0.55,0.0,0.0
601318,中国平安,2016,2,2,1.05,0.0,0.0
601318,中国平安,2017,3,3,1.82,0.0,0.0
601318,中国平安,2018,2,2,1.85,0.0,0.0
601318,中国平安,2019,1,1,1.3,0.0,0.0
601318,中国平安,2020,2,2,2.2,0.0,0.0
601318,中国平安,2021,2,2,2.38,0.0,0.0
601318,中国平安,2022,2,2,2.42,0.0,0.0
601318,中国平安,2023,2,2,2.43,0.0,0.0
601318,中国平安,2024,2,2,2.55,0.0,0.0
601318,中国平安,2025,3,3,3.68,0.0,0.0
